,ERR10082910,ERR10083185,ERR10082717,ERR10083228,ERR10083008,ERR10082679,ERR10083238,ERR10083036,ERR10083253,ERR10082874,ERR10083247,ERR10083101,ERR10083080,ERR10083202,ERR10083000,ERR10083215,ERR10083027,ERR10083186,ERR10082834,ERR10083108,ERR10083006,ERR10082766,ERR10083774,ERR10082806,ERR10082884,ERR10082990,ERR10082872,ERR10083218,ERR10083258,ERR10083252,ERR10083540,ERR10083542,ERR10083541,ERR10083471,ERR10083524,ERR10083523,ERR10083484,ERR10083459,ERR10083457,ERR10083439,ERR10083544,ERR10083494,ERR10083490,ERR10083473,ERR10083498,ERR10083519,ERR10083478,ERR10083419,ERR10083495,ERR10083511,ERR10083493,ERR10083564,ERR10083559,ERR10083500,ERR10083552,ERR10083455,ERR10083510,ERR10083491,ERR10083366,ERR10083530
ERR10082910,0.0,145496.28524123906,179516.58287188958,134803.7638124396,219089.17969858757,161652.06001471184,191983.23713803766,170482.95898417532,140917.78513374386,259430.63455767903,118614.66773127175,232168.37986039356,254976.50605300872,211742.57726541444,232664.1351669827,116762.63884479487,179200.31187193844,145168.55233141923,158691.74119027113,143194.50476187974,174610.76651226293,93252.73488214702,122043.46383563521,271518.65942141064,182808.21457746366,247445.59678038323,230632.6515370276,151939.43342661246,137616.02606164734,145104.48091289256,251846.91983822235,151913.05430409856,241846.6894584253,144591.68509980096,157289.54336191583,132824.1669576738,146412.2209243477,167704.44356068803,133042.60321415844,122558.78684125427,236713.51594913207,136992.52925616055,247226.12100868305,147972.13498831462,141057.13658656197,140762.76309450594,256411.8503579739,235238.8828170207,187977.49063385223,160371.17373767644,149698.43756031658,240796.16728054456,143885.04093546348,264838.5469356755,160075.1564390927,220266.46212939455,234153.9039969225,166875.81925192158,206676.76407375842,157917.4141505616
ERR10083185,145496.28524123906,0.0,81004.72736204969,37299.685105909404,116664.00904306349,47098.47632355,94616.42314630162,55625.171900857975,35366.85089176021,145452.20030649245,51595.88097900839,104250.25623949325,134219.2575527074,88335.05004243786,110102.03535811679,41436.42418211301,72293.71848231352,34463.424597680365,49053.28312152001,49895.670042599886,51627.75520008593,156015.92386035473,50383.62656657419,153717.91753403374,66705.86681844409,133780.60772398964,119729.14108102505,42832.66222172047,33273.24946559924,123520.43548336445,127213.651732037,63869.19195512027,132182.8685836406,69133.43630255913,71083.682403207,64086.0753284206,70956.00971728892,72900.93934237062,55636.436649016265,65421.745719599996,128182.40539169173,70186.6566734732,121738.60053409518,63640.89714955313,64995.88100026031,64069.09238470606,131529.82308586902,121774.39918143714,81478.63473328453,56755.87283268578,65079.86577275648,118578.97273968939,58304.67476969578,137758.67704794498,66984.62063787477,97478.29378892513,114045.3992057549,69826.16399316234,101415.09251092758,55096.047616866315
ERR10082717,179516.58287188958,81004.72736204969,0.0,83669.75316086454,50004.50776680039,73021.10926985429,39024.448362532945,69823.40016069112,74985.08711070489,92383.43597745214,100252.02632864834,87871.38813629838,106357.80913031257,81558.70112379182,89041.17015740527,97943.57977938115,69337.66857199627,78072.23539773919,81253.42624160534,81996.90059996171,72275.98648237187,170691.9541484015,93159.71575203522,108242.37845686873,71407.53514160812,93150.35352589919,58935.10968005405,83710.11390507124,83830.15534400495,104879.53307008951,103938.49104157709,77308.64657979726,100177.83415506646,78880.66484253286,74646.37841851405,85478.70332427838,78227.07467367037,74691.67078061649,82449.35558268482,94366.9629584422,97576.27228481318,82345.2395831113,101014.38614870656,78105.30049234815,83273.09326547201,82761.69034039843,107835.97893096719,91748.53494743118,68927.53241629936,70617.34932720146,81375.50646232563,95423.80197309265,73586.95724787103,113846.85354018354,71982.57744065573,83113.68543747775,91601.51852998945,69592.72018681264,77145.32868554,71425.87449937173
ERR10083228,134803.7638124396,37299.685105909404,83669.75316086454,0.0,117261.04101107069,37293.594208657334,97116.12007282829,59688.79135985248,30076.261353432878,147145.14381725277,33907.73907237108,114650.07081986473,139369.35670010105,96398.66175938337,118451.6815541257,37993.30375210874,78173.59274716751,26154.190945238584,52958.50551139071,49680.20738684572,51083.30024577504,149340.1842539375,36183.44838458601,162833.44874441493,66271.9380658209,132098.55442812384,124112.8764592941,57039.353958473264,37705.1169073907,118194.45061000115,131858.64937121113,63243.69706144637,128507.59063183778,60171.88836990244,55474.82941839479,51036.97181455812,60467.08236718554,74359.1137655634,53425.913805942524,56432.19935462377,129047.78379732059,53612.10893072571,127467.31831728476,54458.659210450634,50076.4395699215,52989.360724583195,135698.38604051265,122168.23394401673,74422.0463370902,56930.982794959724,54214.120559131086,123063.17694989026,50696.931790789866,144122.29532934868,66366.92970900492,102089.3311223068,116614.59232445998,68986.91222978458,97066.1684419448,54302.02977790057
ERR10083008,219089.17969858757,116664.00904306349,50004.50776680039,117261.04101107069,0.0,97348.16474900798,50316.33485261024,95061.93857164917,109094.9580686477,61277.22361530424,134493.49148564774,85753.6558054524,91887.30188660455,87451.36212775648,85273.73340015083,136691.81026308783,92560.4290504317,109789.52373974487,109758.88175906312,115395.75665075384,92833.0635657361,206861.0104248744,128581.08381873283,85948.85136521605,87682.7315610092,69229.97432470995,36485.34834697347,117484.08396459496,120493.19766692226,131311.14980076902,88475.75416462976,108844.89898474801,84055.3905291029,108973.97459485453,97873.56613509083,118305.22604263939,107353.78661696102,100521.3317908194,118136.25592086453,130680.33427796242,85920.92844004888,112034.42974818054,87949.65135803552,107963.07045466983,113087.13133243764,114490.82193346329,90423.58186336128,80350.78106652107,79774.68547101894,97528.32422942578,109230.8638023155,83533.04276751805,105998.09837916905,95707.09551543188,100211.87526436176,81210.66283438401,81036.61298450225,95632.65305323282,77849.4682512347,99079.77452033285
ERR10082679,161652.06001471184,47098.47632355,73021.10926985429,37293.594208657334,97348.16474900798,0.0,82702.23926230776,48641.584955673476,38287.7933811809,123310.26284944818,53416.22341573766,92920.18657966632,116564.41078648319,76212.55622271175,97597.3363161106,63790.86976205921,70287.33582943659,32498.340188385006,47634.5483551592,55215.97170203563,29274.129380734794,169648.99304740952,56706.018639999755,141915.34149273645,45041.527971417665,107491.63564203496,103997.3616588421,60345.211583024546,54155.794537611575,123993.94841684816,105448.71811928299,68424.84572872634,105834.72121662153,66163.75154871434,50784.18480196369,62826.6684856041,64560.335075028845,74202.47954751916,65232.72291572689,76275.66450054696,107520.6596240927,61070.914722149035,101241.35282580927,61562.69539258332,60257.7244425974,63828.15302826802,108828.43814463203,101513.98632700816,56466.502583390095,49221.130980504706,60139.2557569513,98093.13228763775,57956.4758417901,117533.22463882287,67411.22035685157,77439.99196797478,91139.02774333287,67082.43867063869,79078.73425264216,47483.16325814867
ERR10083238,191983.23713803766,94616.42314630162,39024.448362532945,97116.12007282829,50316.33485261024,82702.23926230776,0.0,85870.21414902841,91473.24341576612,98461.6588982737,109918.62707021044,98714.82755391917,117437.11959597783,92905.1475376903,102564.79282385355,112373.83206957036,93540.89415330601,91146.45224033682,91247.75420798037,98285.14689412637,80644.67016486582,170371.56916281543,108472.8484045662,110163.11486155428,81689.8171316352,101223.75077026142,64951.848310883346,97751.01721209861,101095.86385703423,94380.15891595013,108784.12264664362,102601.20627945852,113247.44394466482,102722.51072671462,93701.39443466143,106258.45637877486,101721.11066047204,98645.88693909139,103855.11002353231,115277.65615243919,111736.15662353883,103161.37133636796,105611.67025949358,99268.32252536557,102744.4351388434,104040.87414088754,111574.06441462997,105834.70311292038,86902.43692210248,86880.56230250814,99491.31217347573,103499.52209068407,95868.20134434567,116660.10793326054,96937.21557276133,91020.0850746691,99103.02273392069,94542.68699904821,96555.43156135755,87001.19695728329
ERR10083036,170482.95898417532,55625.171900857975,69823.40016069112,59688.79135985248,95061.93857164917,48641.584955673476,85870.21414902841,0.0,48354.42940414042,116879.92541493171,76535.43951007271,69482.15516951097,95254.8890976206,48820.68693699424,71525.37254009936,74223.53792429999,42541.07073170585,49105.095743720936,33052.01600507902,37377.85189119353,43138.05220452124,181446.96045125695,67950.88216498739,131343.63701375108,33210.29543680694,104378.7787531546,96065.91723915408,40671.69590759648,57370.58344657129,136500.19372513724,93415.47807510274,57305.736623831996,98991.71414820536,64017.845918150044,58181.64704612615,66949.06044150284,61876.912027023456,63953.54428020389,59249.56501106147,80165.12506071452,91350.89511876718,67983.8002468235,87954.03128339257,65151.453084332665,70322.97985722733,68416.83060475689,97767.06673517417,90527.25996626652,54928.01788704923,40006.87080989964,67421.23718829254,83486.73461694378,57813.12268853845,104888.55252600258,57326.490813584605,64457.77496159792,79196.18481341131,58198.43497036669,70692.23602348422,40630.8015672839
ERR10083253,140917.78513374386,35366.85089176021,74985.08711070489,30076.261353432878,109094.9580686477,38287.7933811809,91473.24341576612,48354.42940414042,0.0,138158.76730052277,45584.96100689349,102077.8716764804,128752.98984489642,84405.69733140056,105747.64196898199,43171.460677164956,63342.35131410895,29756.66528695714,46616.203974583776,39967.603393248384,47504.09055018315,154786.3479122109,38379.32829010951,152542.26761458608,58914.697028839924,125480.12401571812,114369.0727863088,46178.33200755523,32390.466776506943,119628.5608289258,122964.18550537388,49723.03151458085,118761.51621211309,49262.94791219868,49205.96616265146,44488.15241162528,49605.34236349952,63589.13222398934,42817.17946105278,57056.067959508044,117890.36041169778,48938.437725370844,118310.90522010217,51503.02967787429,52440.253517693825,50312.70055363755,127398.01790844314,112515.54460606765,64731.063393088174,47361.460714382534,55425.678083357714,113398.33762449959,44174.813457444274,135145.20123186024,55287.441485386174,92889.13205537018,107911.21531147724,57671.60443407136,86324.5262772985,46795.726546341815
ERR10082874,259430.63455767903,145452.20030649245,92383.43597745214,147145.14381725277,61277.22361530424,123310.26284944818,98461.6588982737,116879.92541493171,138158.76730052277,0.0,168311.26718672164,78934.68308671417,64207.12105366507,92745.7687444554,74847.90424587719,169439.46267915276,106649.56936621919,138418.27146370526,137631.3306663857,144152.8372561567,115612.89577291973,257928.70186158034,160043.9542750678,67613.85321810908,106681.26883384917,38061.22185374505,45070.50372472001,145112.19428083912,149280.65837207445,184843.64845457903,69681.08620709066,130218.84114443655,58290.58902601688,132622.70754663396,119961.25381138695,145480.60816823665,130782.28797126927,117567.76018535014,146333.79019556625,158786.71613519816,66744.85533732169,138098.0557176675,73993.18521323433,131310.32716431713,137914.9229525217,139093.7620492019,69921.67671759595,59693.15387881595,91004.92253719026,122160.38103657012,133371.63132015744,68852.88831995358,131354.09113537348,73064.72724920008,119360.63459114148,81844.15415898683,70278.49198723603,112990.35165889165,75187.02632103494,124763.02984057416
ERR10083247,118614.66773127175,51595.88097900839,100252.02632864834,33907.73907237108,134493.49148564774,53416.22341573766,109918.62707021044,76535.43951007271,45584.96100689349,168311.26718672164,0.0,135688.0474323365,161193.73548001176,115508.97441324635,139908.80737823478,40239.56494546132,98184.29765497129,43013.08804305964,63024.48762980942,60142.29969829887,67761.5931114374,132601.29792728275,40495.509257200356,184817.88272513024,82051.7585551949,152820.4556628464,144765.2499324337,67474.9832085937,53977.32262719225,112251.44337602078,151541.76334265087,81016.30838911385,149388.30467275542,74873.6037131912,70774.40617907012,61481.4934675468,74695.59432121817,95687.72882141158,64728.30645861206,67608.36892722675,149467.17875172463,64388.20176864703,146861.59278041348,73221.78902485243,65983.24386539358,69181.24333227902,155147.38750942601,145157.90939525134,94110.6871933257,71810.96426730392,71554.89486401332,143377.40275929117,68286.95897460949,163963.68280201565,86940.25034470513,121132.23480147636,136231.2068800684,90396.77058390969,118147.2916024739,68485.95580847215
ERR10083101,232168.37986039356,104250.25623949325,87871.38813629838,114650.07081986473,85753.6558054524,92920.18657966632,98714.82755391917,69482.15516951097,102077.8716764804,78934.68308671417,135688.0474323365,0.0,50043.81032655287,38464.86110724956,30876.134894121707,131735.50461815525,65208.50953671614,103113.25395408682,89062.83091727996,98506.50028805206,80194.17781235742,237334.01103086764,126064.32502496493,87734.14714351534,65542.18234084062,75276.39796775613,72463.5109555147,92907.379938302,109241.66325170996,177302.6153163004,55290.98656200665,98404.47199695754,73706.56137007072,107450.46023633402,99910.55309625705,117594.8332751061,106152.6789440568,90960.87973958915,111049.31566200667,130720.22468233445,66314.47312615851,116427.34470475568,51553.27260223157,107146.93899500815,116145.95918498414,113902.95557622725,59208.52056081118,63609.55781956042,73006.24860928001,86108.50200183487,109798.45740719675,49933.794828753,103850.65761948742,59949.24172998354,91662.42261690447,50102.766789869,53989.22690685615,86707.47393391184,68672.5529087131,88602.46157415718
ERR10083080,254976.50605300872,134219.2575527074,106357.80913031257,139369.35670010105,91887.30188660455,116564.41078648319,117437.11959597783,95254.8890976206,128752.98984489642,64207.12105366507,161193.73548001176,50043.81032655287,0.0,61159.6034977337,37993.05973464101,159131.9299166575,86293.14679625492,127520.3976115194,117593.17558004802,124690.11363777002,104096.92632830232,263989.50821955025,149916.99791551323,84564.3436266137,89113.93409562838,58800.765139579606,74777.26455280375,124832.82461356068,136744.32639053074,201120.09248705112,47182.238511965494,118495.48506588764,58718.4477911329,126264.66053096567,115708.13589372183,139049.32968914305,123806.99709224839,108021.2016828178,135020.70983741718,151470.26414778578,47340.337028796064,134193.57562491583,48839.02400744716,125404.08242158627,133477.1752810195,133266.09701270613,48193.593153032285,50817.009514531645,85440.81852370096,107256.50914047129,127360.81956787182,42339.58474052385,124071.12976837117,50256.76157493636,109068.26932705955,59537.2206774888,47769.593885650735,105004.20737284768,69309.06978888117,110172.86908762973
ERR10083202,211742.57726541444,88335.05004243786,81558.70112379182,96398.66175938337,87451.36212775648,76212.55622271175,92905.1475376903,48820.68693699424,84405.69733140056,92745.7687444554,115508.97441324635,38464.86110724956,61159.6034977337,0.0,40417.02670904924,112751.39621751918,54938.99931742478,83399.51729476616,66671.17982306897,77338.15070843109,62425.243091236734,218983.08883107846,106234.03170359299,105236.34770838448,46791.16841883733,82928.15368136445,80859.01687505234,73662.15821573517,92029.127617293,163686.31561618095,61690.80622750849,84029.45254492617,79270.538493188,92520.92553039014,84606.25395323918,101608.98923323664,90806.0232308408,81000.87750759248,93533.55758763803,115055.72666755879,67604.79000780935,100359.5301653012,55811.97744212258,93484.63547556892,100784.94562681472,100002.77628646117,65336.51401016127,70127.39061165758,63060.01052965342,65992.73015264636,94596.37007306359,53353.69820359223,89296.24093991863,70580.08349385824,79044.7141180231,42924.288439064425,52574.894617107886,77619.54905821085,64998.45131231974,68845.62704340777
ERR10083000,232664.1351669827,110102.03535811679,89041.17015740527,118451.6815541257,85273.73340015083,97597.3363161106,102564.79282385355,71525.37254009936,105747.64196898199,74847.90424587719,139908.80737823478,30876.134894121707,37993.05973464101,40417.02670904924,0.0,135675.38951114164,62967.812555304794,106787.5182453455,93883.60754146594,100012.45471939983,85072.52125686649,241081.15290084374,128288.80672919209,88044.37812262632,70019.79271605994,70469.15436558041,70540.03636233823,98318.5002682608,113017.03017687201,181819.52548062598,53115.85511878727,96920.70453210708,66215.00746054477,106558.32915825961,99084.4761100345,118573.25607825737,104462.27233312513,88864.61301890646,112201.95480026184,130876.10788451802,52392.2333748047,116048.00833706712,50755.30736780145,106908.26909084254,116129.093275544,113928.64519075086,57317.86122143777,55175.3377153235,71574.9294515894,85801.62109773917,110460.65747133683,43786.54526221497,103865.50167403997,59591.94207273329,89199.19719369676,48802.544359899926,47992.539732754296,85589.53239736738,62429.1353696333,89078.39976672234
ERR10083215,116762.63884479487,41436.42418211301,97943.57977938115,37993.30375210874,136691.81026308783,63790.86976205921,112373.83206957036,74223.53792429999,43171.460677164956,169439.46267915276,40239.56494546132,131735.50461815525,159131.9299166575,112751.39621751918,135675.38951114164,0.0,89801.35028494839,43491.422740581846,63579.879679030535,54971.878883661964,72834.85967584478,134683.22650946554,38447.608781301344,179720.7060302179,86866.53585242132,156602.9418178343,143043.6032788604,57666.226961714776,35467.53305489402,118312.62414045256,153379.84670092745,69477.10467484954,152006.22639221066,69585.46530705964,76091.6028415751,58835.229395320624,71648.78241812627,84545.27957254622,53982.022711269354,56533.53735615701,149206.92049298517,66732.40057123677,148175.3243053647,66837.54554889041,64091.64087461016,63723.47233162989,157585.95610650082,143587.8625894264,97348.90812433389,70980.81746500247,66183.66431378668,143936.66966760068,61795.28209337668,165126.224570781,76692.18152458567,122420.78951305615,138497.85338047662,81667.37532821782,118443.1427901168,68838.66316249903
ERR10083027,179200.31187193844,72293.71848231352,69337.66857199627,78173.59274716751,92560.4290504317,70287.33582943659,93540.89415330601,42541.07073170585,63342.35131410895,106649.56936621919,98184.29765497129,65208.50953671614,86293.14679625492,54938.99931742478,62967.812555304794,89801.35028494839,0.0,70128.54582122747,64566.468162661644,58224.393539134435,65780.02010489203,195303.2065379368,83113.65396852673,121569.41157626781,53663.16194560287,98563.40646000422,87402.54339548707,60612.15501036075,69174.87922649378,149844.29140944942,93652.24398272579,50753.27921425374,89277.66776187648,60458.19778160775,64183.56158706059,71998.1893452884,59582.198692226855,54919.757291889044,63406.251119270564,83859.84816943089,79021.44445655243,71959.0952069299,89909.32206395509,67790.22951723942,76145.92144691665,71690.08492811261,99172.1692260485,79806.74188312664,55739.59092063737,53091.86089223093,74653.48007293431,81250.74388582545,60433.22880667556,104955.36881932244,48969.849336096595,69644.50383196078,79703.96868412514,48963.179349384576,60423.487610365555,56109.27526710713
ERR10083186,145168.55233141923,34463.424597680365,78072.23539773919,26154.190945238584,109789.52373974487,32498.340188385006,91146.45224033682,49105.095743720936,29756.66528695714,138418.27146370526,43013.08804305964,103113.25395408682,127520.3976115194,83399.51729476616,106787.5182453455,43491.422740581846,70128.54582122747,0.0,43042.89325777253,44714.73642995115,39919.05875643864,157504.16641155878,41482.00256737854,153131.46496393223,55147.46883584051,123298.26028780779,115703.32986133113,50017.64886517558,36729.61762665111,121408.98943241395,119568.55333238753,61328.74308185355,120823.76773631916,61404.5482354524,55498.32093856534,55810.17468168327,61323.76469200174,70563.33614562168,53533.74645959313,62419.32502038131,118845.20158172143,57635.379099993785,114622.92698670716,56078.096285448206,54055.95140222767,57210.005226358786,123256.04787595617,113104.59587921262,68576.49269975828,48289.90428650693,54094.02451287943,110780.37508060712,51524.76686992383,131491.7689477178,62912.86603708338,89491.58100626002,104616.83733988521,65824.34685585569,90071.58829508892,45920.9476600821
ERR10082834,158691.74119027113,49053.28312152001,81253.42624160534,52958.50551139071,109758.88175906312,47634.5483551592,91247.75420798037,33052.01600507902,46616.203974583776,137631.3306663857,63024.48762980942,89062.83091727996,117593.17558004802,66671.17982306897,93883.60754146594,63579.879679030535,64566.468162661644,43042.89325777253,0.0,33263.39901453247,44261.48354946996,166103.08085944704,60525.16037979577,149104.42486391877,42441.14247990975,124430.49569136981,114626.05149354138,33849.74321911467,53202.44183305875,127114.39659220351,110123.32889083948,69313.04369308853,121383.97475779083,74082.39742340957,68421.1054207691,70394.68641879158,72576.39049994151,78595.208759822,61686.67927518874,80774.19097706891,114003.54681763196,73929.95245500974,103797.37139735284,72970.9956284002,74953.81847511172,74482.53603362334,114147.71716508394,112732.78380755085,73292.59699996992,46288.20385368177,72179.33646134468,101880.11577830093,65556.3900089076,120788.752485486,71802.35190437706,79938.92746966274,96936.03222228563,74367.28760012698,93239.62564274912,44318.00157949363
ERR10083108,143194.50476187974,49895.670042599886,81996.90059996171,49680.20738684572,115395.75665075384,55215.97170203563,98285.14689412637,37377.85189119353,39967.603393248384,144152.8372561567,60142.29969829887,98506.50028805206,124690.11363777002,77338.15070843109,100012.45471939983,54971.878883661964,58224.393539134435,44714.73642995115,33263.39901453247,0.0,57787.33748841523,157923.52253860096,49291.8610015893,156766.2560565889,56078.713100426976,131978.69681126572,119637.46192142325,34175.97606506653,44873.267955432,125996.4941536073,122828.83662235021,54540.58386192799,124093.80272197319,59550.975054989656,60845.89137320613,55374.2318411732,57787.376199304985,68737.41145838996,47037.04982245379,64975.08322426375,117038.85390330854,61035.87399226786,117305.32247515455,61853.434480229145,65094.203121322564,60685.36662161645,127490.63158522669,115627.87736960321,73016.04753066273,46873.89757636973,65784.6933260314,112367.1566295063,52778.33008915686,134557.38344290142,60458.362258665264,92168.0011663484,107687.33057792825,64222.81779087554,92166.41878688788,46125.68930650251
ERR10083006,174610.76651226293,51627.75520008593,72275.98648237187,51083.30024577504,92833.0635657361,29274.129380734794,80644.67016486582,43138.05220452124,47504.09055018315,115612.89577291973,67761.5931114374,80194.17781235742,104096.92632830232,62425.243091236734,85072.52125686649,72834.85967584478,65780.02010489203,39919.05875643864,44261.48354946996,57787.33748841523,0.0,180836.52085516354,67818.69041053505,131546.4319622543,36584.25058683039,100523.68602473747,97112.65861359167,58306.88491078905,58597.976270516374,131782.1358341107,90934.57797779677,71468.33199396779,100206.31626798782,73475.68147353246,59819.188735722586,73284.18776243618,72150.59103015026,75146.7072199441,70541.90038551556,86689.6497397469,97866.86689068982,72377.14936359403,86068.66955518715,70170.19721363194,71292.98359586306,74316.72445688117,94376.44227242305,93926.90832237586,56324.508848280246,46453.2734045729,67931.40728705685,84240.69555149696,65969.0319089192,102616.84573694516,69330.1288257854,62840.10995375486,77913.01196205933,69625.91756666478,75679.3362946584,45658.776308613444
ERR10082766,93252.73488214702,156015.92386035473,170691.9541484015,149340.1842539375,206861.0104248744,169648.99304740952,170371.56916281543,181446.96045125695,154786.3479122109,257928.70186158034,132601.29792728275,237334.01103086764,263989.50821955025,218983.08883107846,241081.15290084374,134683.22650946554,195303.2065379368,157504.16641155878,166103.08085944704,157923.52253860096,180836.52085516354,0.0,141456.32949430012,266224.9992111935,190111.89143764784,252497.4260601482,224025.43038682014,162743.15273768047,153541.6595650835,90500.81053780678,255793.31417181334,174441.28930674642,253317.8183093325,168062.0588383946,175051.0560722214,155839.12346711912,169174.0110566632,187766.09964261387,154903.51193242843,150073.97106427216,249628.4763523585,160416.72371358293,250740.63029752477,169356.15963406823,163853.68137762422,163763.22373780995,259835.99417132337,246882.10100774822,200757.90561270557,173642.5495522339,169109.94088757763,247317.9944888766,164411.35216279927,266938.9938693858,181462.79462192795,225856.9978636925,240859.42482701398,186056.4214855268,221600.30487569282,170869.55390297007
ERR10083774,122043.46383563521,50383.62656657419,93159.71575203522,36183.44838458601,128581.08381873283,56706.018639999755,108472.8484045662,67950.88216498739,38379.32829010951,160043.9542750678,40495.509257200356,126064.32502496493,149916.99791551323,106234.03170359299,128288.80672919209,38447.608781301344,83113.65396852673,41482.00256737854,60525.16037979577,49291.8610015893,67818.69041053505,141456.32949430012,0.0,174814.78318208674,78885.90259355596,146098.1878703497,135900.3214418568,60779.48786391672,41552.33769597085,118967.95871998477,144206.12505368833,57610.014745701985,138338.67934529373,53863.06980668666,57226.11445834847,41136.14458113448,54318.50370730033,74476.76128162394,42565.827667273195,46515.127894051846,137284.2372379291,47966.966039139894,139551.4980858321,54158.958852621974,50327.86473714139,49385.57784414393,148493.19638623178,131812.938188935,82203.3483259654,59697.83609981186,56477.24100024717,134230.7787729774,47641.60415015431,156879.53518544094,65250.51887916295,113190.99060437629,128250.60135531529,69998.78256084173,104269.0142324171,57623.563886660115
ERR10082806,271518.65942141064,153717.91753403374,108242.37845686873,162833.44874441493,85948.85136521605,141915.34149273645,110163.11486155428,131343.63701375108,152542.26761458608,67613.85321810908,184817.88272513024,87734.14714351534,84564.3436266137,105236.34770838448,88044.37812262632,179720.7060302179,121569.41157626781,153131.46496393223,149104.42486391877,156766.2560565889,131546.4319622543,266224.9992111935,174814.78318208674,0.0,125543.61462455986,84422.33937767895,68523.27548359025,152263.52795728858,157950.71858969177,193898.39419396955,88805.17389206555,145495.39748734323,97213.97305943214,152281.32512557146,145139.76942588823,164359.99688488682,151869.25924623455,130807.0945247237,160151.19411356258,173178.63356661526,96781.25482240866,160880.0464694115,90343.03993667691,148528.18159191206,157563.400534515,156817.04666904043,89795.5338978504,86921.19715581465,118423.21774466356,138332.29673507196,150904.05615489598,89195.00560569522,148315.73577001193,86399.36633448188,134947.79644366188,99574.9387797954,93769.96936653013,129393.67137151647,106372.11148604694,140892.53298170204
ERR10082884,182808.21457746366,66705.86681844409,71407.53514160812,66271.9380658209,87682.7315610092,45041.527971417665,81689.8171316352,33210.29543680694,58914.697028839924,106681.26883384917,82051.7585551949,65542.18234084062,89113.93409562838,46791.16841883733,70019.79271605994,86866.53585242132,53663.16194560287,55147.46883584051,42441.14247990975,56078.713100426976,36584.25058683039,190111.89143764784,78885.90259355596,125543.61462455986,0.0,91813.31969273304,90393.06513223235,58073.44190763967,71521.71377980257,138758.79551941925,80838.24787190776,72593.00404997716,90732.15760137085,75133.11173510652,61740.6252964772,78239.77701271905,72674.12574637552,75636.60799507075,74348.15105300199,93757.8896466852,85244.80652802257,75888.40742168727,75847.32142930296,75244.7432848302,77805.11122670541,79733.94907440619,84643.0461585593,85137.41588749332,52203.12109443266,46724.96697698138,73909.94936407411,72983.41325260144,69593.57772093629,92380.43254932291,69539.51306990867,54021.58115049947,67521.2927453259,68830.8664335994,67713.96593761143,46232.49103174087
ERR10082990,247445.59678038323,133780.60772398964,93150.35352589919,132098.55442812384,69229.97432470995,107491.63564203496,101223.75077026142,104378.7787531546,125480.12401571812,38061.22185374505,152820.4556628464,75276.39796775613,58800.765139579606,82928.15368136445,70469.15436558041,156602.9418178343,98563.40646000422,123298.26028780779,124430.49569136981,131978.69681126572,100523.68602473747,252497.4260601482,146098.1878703497,84422.33937767895,91813.31969273304,0.0,58710.34659240226,134883.15631686558,137731.18880268186,184482.05385077433,60793.5200329772,120140.37261470433,45857.67316382287,120916.63923546668,104557.61768996078,132681.3637931115,118587.42691364881,108528.54867729504,135254.05577652744,146554.471552389,58449.50714077921,123788.25012092222,65251.92946572538,118309.3340738591,122996.88878178992,126337.43796674049,60122.51213979669,50615.564888678266,75908.72409018611,109235.84954583363,118663.36877908027,59092.840285435595,119079.77329924675,67584.64589683074,109029.0293224699,69956.4528188787,57380.67780185243,103333.0136839142,61330.76694449532,111281.54962077047
ERR10082872,230632.6515370276,119729.14108102505,58935.10968005405,124112.8764592941,36485.34834697347,103997.3616588421,64951.848310883346,96065.91723915408,114369.0727863088,45070.50372472001,144765.2499324337,72463.5109555147,74777.26455280375,80859.01687505234,70540.03636233823,143043.6032788604,87402.54339548707,115703.32986133113,114626.05149354138,119637.46192142325,97112.65861359167,224025.43038682014,135900.3214418568,68523.27548359025,90393.06513223235,58710.34659240226,0.0,119589.57963384602,123597.49388235992,151349.48289307102,77412.60524617422,108385.66949094331,73835.07175455306,112247.72431100775,103467.96491668327,123902.18924215987,111024.45523847437,96320.51532773275,121846.97275271143,134207.3635200394,73346.90841473824,118547.82803999406,77811.18562263397,109773.50571973184,117367.48432594097,117313.9467966192,79940.73321530144,65315.95272213366,80069.19365149121,100544.0584171934,112773.91712182388,72247.38688700098,108614.99475670935,83185.9081094869,97958.51948656635,75040.32156114471,72151.5253338417,92633.4430214056,71773.59513776637,102856.35071788226
ERR10083218,151939.43342661246,42832.66222172047,83710.11390507124,57039.353958473264,117484.08396459496,60345.211583024546,97751.01721209861,40671.69590759648,46178.33200755523,145112.19428083912,67474.9832085937,92907.379938302,124832.82461356068,73662.15821573517,98318.5002682608,57666.226961714776,60612.15501036075,50017.64886517558,33849.74321911467,34175.97606506653,58306.88491078905,162743.15273768047,60779.48786391672,152263.52795728858,58073.44190763967,134883.15631686558,119589.57963384602,0.0,46146.42461773176,129677.04307625155,121547.2908789003,62508.223203031455,129857.43709160443,70897.06831738532,74989.89913981748,68322.61937308902,71345.00324479633,74008.8948843313,54786.44465558976,75568.85975056127,121423.11135446992,75491.19952683226,115245.27495303223,72199.64504760395,76523.74307363696,72476.22197659036,126295.05809017232,119340.63207893613,81716.16147984436,52965.86268531836,74905.42586488645,112257.17512479993,63713.75940093317,131614.410141899,67706.36685718707,91780.25865620558,108890.89454587101,71091.73453362915,99433.14186929828,52557.964268034586
ERR10083258,137616.02606164734,33273.24946559924,83830.15534400495,37705.1169073907,120493.19766692226,54155.794537611575,101095.86385703423,57370.58344657129,32390.466776506943,149280.65837207445,53977.32262719225,109241.66325170996,136744.32639053074,92029.127617293,113017.03017687201,35467.53305489402,69174.87922649378,36729.61762665111,53202.44183305875,44873.267955432,58597.976270516374,153541.6595650835,41552.33769597085,157950.71858969177,71521.71377980257,137731.18880268186,123597.49388235992,46146.42461773176,0.0,125173.10763898131,132501.42151312943,53174.4517320113,132027.78924529487,58510.59135746279,65623.68147246845,53257.22815731213,60962.96527400878,65776.98140687212,45137.02016083915,54699.991892138336,128479.82584047972,61622.55871837845,127372.59023824552,56301.7600790597,58315.163731228604,55362.319071729646,137134.5229145455,121822.62384302843,80032.11817764166,57295.85781712322,59595.34486014826,122610.21037417724,50350.18281992628,143776.9654916948,58849.39568083941,102487.9851885088,118377.87653949534,63222.308452001336,99005.76022131238,56328.126144937574
ERR10083252,145104.48091289256,123520.43548336445,104879.53307008951,118194.45061000115,131311.14980076902,123993.94841684816,94380.15891595013,136500.19372513724,119628.5608289258,184843.64845457903,112251.44337602078,177302.6153163004,201120.09248705112,163686.31561618095,181819.52548062598,118312.62414045256,149844.29140944942,121408.98943241395,127114.39659220351,125996.4941536073,131782.1358341107,90500.81053780678,118967.95871998477,193898.39419396955,138758.79551941925,184482.05385077433,151349.48289307102,129677.04307625155,125173.10763898131,0.0,191043.9829751254,139855.06778447464,190311.2759901525,133731.1797562558,132387.39046450006,126840.20565656616,133607.23600539006,146514.90539532146,127080.92921048382,129720.98566924321,189398.11432535437,127540.3734705211,186947.32629272877,133427.9388658912,130852.73019314499,131787.71893086244,194351.16601399644,185187.85471515133,147400.9593591575,131053.70074515256,132760.6844777474,184703.315850041,128826.3282951121,200644.72238262335,141901.1320250829,166345.5888865106,178630.22108254806,143124.77967843306,165334.8771282091,129141.82749597436
ERR10083540,251846.91983822235,127213.651732037,103938.49104157709,131858.64937121113,88475.75416462976,105448.71811928299,108784.12264664362,93415.47807510274,122964.18550537388,69681.08620709066,151541.76334265087,55290.98656200665,47182.238511965494,61690.80622750849,53115.85511878727,153379.84670092745,93652.24398272579,119568.55333238753,110123.32889083948,122828.83662235021,90934.57797779677,255793.31417181334,144206.12505368833,88805.17389206555,80838.24787190776,60793.5200329772,77412.60524617422,121547.2908789003,132501.42151312943,191043.9829751254,0.0,120756.65363034866,66998.01476163305,127014.83371638133,112868.02918010042,137066.73827008507,124684.84936029719,112588.33822381428,133005.1881845216,151680.46887453902,54681.291343566496,132566.33168342555,22254.468158102543,126113.32251193766,132238.9707915182,133794.4414017264,20742.46393271542,63057.374628190795,83119.72488525212,98263.14758850339,125443.54532617451,27060.979084282964,124008.51495361114,27393.90178488636,112364.09676137658,39834.59655877037,30379.18753028132,109073.92900688964,75360.79484718828,100297.84392498176
ERR10083542,151913.05430409856,63869.19195512027,77308.64657979726,63243.69706144637,108844.89898474801,68424.84572872634,102601.20627945852,57305.736623831996,49723.03151458085,130218.84114443655,81016.30838911385,98404.47199695754,118495.48506588764,84029.45254492617,96920.70453210708,69477.10467484954,50753.27921425374,61328.74308185355,69313.04369308853,54540.58386192799,71468.33199396779,174441.28930674642,57610.014745701985,145495.39748734323,72593.00404997716,120140.37261470433,108385.66949094331,62508.223203031455,53174.4517320113,139855.06778447464,120756.65363034866,0.0,106414.16886862388,30556.838678109358,47283.507135152315,39156.280313635514,32462.713010467873,43120.55553909295,34425.44892953467,55171.91627993358,103903.76574022714,44571.96885936272,117051.97630540033,46879.75666532411,54330.30132439908,46481.382358961746,126002.25984481389,99780.32105079638,58509.529164060106,51910.18127496763,57837.7759081381,108674.30039802419,37627.501631120824,133321.28341341452,32891.17624834965,93139.67512827173,105249.47876830555,38976.89370639995,71267.15187237386,54743.147260638936
ERR10083541,241846.6894584253,132182.8685836406,100177.83415506646,128507.59063183778,84055.3905291029,105834.72121662153,113247.44394466482,98991.71414820536,118761.51621211309,58290.58902601688,149388.30467275542,73706.56137007072,58718.4477911329,79270.538493188,66215.00746054477,152006.22639221066,89277.66776187648,120823.76773631916,121383.97475779083,124093.80272197319,100206.31626798782,253317.8183093325,138338.67934529373,97213.97305943214,90732.15760137085,45857.67316382287,73835.07175455306,129857.43709160443,132027.78924529487,190311.2759901525,66998.01476163305,106414.16886862388,0.0,106669.13600475069,91580.80707768413,119951.98899559774,103305.3320405099,98981.56339440189,124968.99215405397,139119.34783487162,50226.14465594587,111872.36229739676,71054.76118459621,110450.48587036636,116833.16273216266,117018.82235777285,68129.75664127973,43558.334024615775,61725.30893401831,103893.71479545815,114163.93348163858,62120.59242312488,110493.30429035056,76418.43706200749,98912.94426413561,71363.43090827402,60705.79928639438,92696.60255370743,41921.218946972425,107636.49455458869
ERR10083471,144591.68509980096,69133.43630255913,78880.66484253286,60171.88836990244,108973.97459485453,66163.75154871434,102722.51072671462,64017.845918150044,49262.94791219868,132622.70754663396,74873.6037131912,107450.46023633402,126264.66053096567,92520.92553039014,106558.32915825961,69585.46530705964,60458.19778160775,61404.5482354524,74082.39742340957,59550.975054989656,73475.68147353246,168062.0588383946,53863.06980668666,152281.32512557146,75133.11173510652,120916.63923546668,112247.72431100775,70897.06831738532,58510.59135746279,133731.1797562558,127014.83371638133,30556.838678109358,106669.13600475069,0.0,36607.0554265158,29454.309192374552,21636.427339096444,51725.111116362044,35135.87704896521,53271.919488601125,108813.15102964347,29046.474863569932,124056.57011621754,44962.82267607317,48175.815654745275,43068.64699523309,131810.00773841114,104548.61752792334,56644.64305651506,55988.45784623827,55123.23918276211,115653.17631176414,36546.00751108115,140426.82603762005,41345.624061078095,99826.38309084428,110703.84970270908,44098.91362607473,71202.89435128322,58222.90377506089
ERR10083524,157289.54336191583,71083.682403207,74646.37841851405,55474.82941839479,97873.56613509083,50784.18480196369,93701.39443466143,58181.64704612615,49205.96616265146,119961.25381138695,70774.40617907012,99910.55309625705,115708.13589372183,84606.25395323918,99084.4761100345,76091.6028415751,64183.56158706059,55498.32093856534,68421.1054207691,60845.89137320613,59819.188735722586,175051.0560722214,57226.11445834847,145139.76942588823,61740.6252964772,104557.61768996078,103467.96491668327,74989.89913981748,65623.68147246845,132387.39046450006,112868.02918010042,47283.507135152315,91580.80707768413,36607.0554265158,0.0,39118.11382211571,32107.35904742089,59361.07442592325,52729.66039147227,64375.260535395115,99008.55686252577,30847.979334147643,110519.81368967285,46638.29778197313,46905.438991656396,46782.09812524445,116722.90778163471,93250.15620362252,38583.785687773045,52240.47029841902,52902.112405838765,102944.01666925572,41932.13061603238,126713.96151963681,50316.34903289387,86776.23024768937,96169.22943436741,49551.10513399272,59449.02948745253,53592.30906576054
ERR10083523,132824.1669576738,64086.0753284206,85478.70332427838,51036.97181455812,118305.22604263939,62826.6684856041,106258.45637877486,66949.06044150284,44488.15241162528,145480.60816823665,61481.4934675468,117594.8332751061,139049.32968914305,101608.98923323664,118573.25607825737,58835.229395320624,71998.1893452884,55810.17468168327,70394.68641879158,55374.2318411732,73284.18776243618,155839.12346711912,41136.14458113448,164359.99688488682,78239.77701271905,132681.3637931115,123902.18924215987,68322.61937308902,53257.22815731213,126840.20565656616,137066.73827008507,39156.280313635514,119951.98899559774,29454.309192374552,39118.11382211571,0.0,30460.194418289586,61483.56970768695,33526.53546073617,47331.18029375561,123605.8911338776,25886.591394001643,133694.10050933436,45853.295443184885,45959.51831775437,40176.14951684643,141696.62793447133,117526.8484517474,65603.71409455413,59843.987584384784,54149.708955819886,126590.0678607923,37018.620409194074,150334.99618186045,51541.80046331327,108617.4405102606,121256.00869647657,53937.67420829341,84900.55503941067,60015.28571955648
ERR10083484,146412.2209243477,70956.00971728892,78227.07467367037,60467.08236718554,107353.78661696102,64560.335075028845,101721.11066047204,61876.912027023456,49605.34236349952,130782.28797126927,74695.59432121817,106152.6789440568,123806.99709224839,90806.0232308408,104462.27233312513,71648.78241812627,59582.198692226855,61323.76469200174,72576.39049994151,57787.376199304985,72150.59103015026,169174.0110566632,54318.50370730033,151869.25924623455,72674.12574637552,118587.42691364881,111024.45523847437,71345.00324479633,60962.96527400878,133607.23600539006,124684.84936029719,32462.713010467873,103305.3320405099,21636.427339096444,32107.35904742089,30460.194418289586,0.0,53260.01672925009,38836.58401559025,55438.84919440518,106047.2449382821,27785.49646848154,121826.1465737138,45392.01525598968,48610.02147705759,43397.62604106358,129357.79111441258,102380.60057940664,52786.210462581985,54405.65101163665,55514.07780014003,113244.76043950113,36861.729110284556,138309.75940619665,42681.153276358404,97497.46157208402,107989.22198534444,44586.04278246725,68310.17934393087,56676.10429449081
ERR10083459,167704.44356068803,72900.93934237062,74691.67078061649,74359.1137655634,100521.3317908194,74202.47954751916,98645.88693909139,63953.54428020389,63589.13222398934,117567.76018535014,95687.72882141158,90960.87973958915,108021.2016828178,81000.87750759248,88864.61301890646,84545.27957254622,54919.757291889044,70563.33614562168,78595.208759822,68737.41145838996,75146.7072199441,187766.09964261387,74476.76128162394,130807.0945247237,75636.60799507075,108528.54867729504,96320.51532773275,74008.8948843313,65776.98140687212,146514.90539532146,112588.33822381428,43120.55553909295,98981.56339440189,51725.111116362044,59361.07442592325,61483.56970768695,53260.01672925009,0.0,57784.296673058154,57963.73247126172,95477.41906335759,62363.38255739501,109350.49230341855,39295.09189453563,51304.126812567425,45927.58883285731,117531.67105933618,80925.73014190233,60902.3643301309,60679.039774867895,50241.481646145745,100330.87311989267,39465.88355782751,123976.99254700447,24628.958910193505,88031.29632693136,97482.0368119173,26083.52593113132,67547.65664329148,63405.58573185804
ERR10083457,133042.60321415844,55636.436649016265,82449.35558268482,53425.913805942524,118136.25592086453,65232.72291572689,103855.11002353231,59249.56501106147,42817.17946105278,146333.79019556625,64728.30645861206,111049.31566200667,135020.70983741718,93533.55758763803,112201.95480026184,53982.022711269354,63406.251119270564,53533.74645959313,61686.67927518874,47037.04982245379,70541.90038551556,154903.51193242843,42565.827667273195,160151.19411356258,74348.15105300199,135254.05577652744,121846.97275271143,54786.44465558976,45137.02016083915,127080.92921048382,133005.1881845216,34425.44892953467,124968.99215405397,35135.87704896521,52729.66039147227,33526.53546073617,38836.58401559025,57784.296673058154,0.0,48579.91020987997,120798.47146797844,42534.106267794086,128423.88944039968,50500.58034320002,53435.30406014361,47893.25192550616,138077.3444197128,118139.8858853351,71790.72219305222,50855.62387779743,57083.014181102946,121808.78087806313,39305.50502156155,145592.34441755514,47558.491386922695,102879.26273549981,117472.55707185403,53111.91100873701,89112.02395861066,51206.997295291585
ERR10083439,122558.78684125427,65421.745719599996,94366.9629584422,56432.19935462377,130680.33427796242,76275.66450054696,115277.65615243919,80165.12506071452,57056.067959508044,158786.71613519816,67608.36892722675,130720.22468233445,151470.26414778578,115055.72666755879,130876.10788451802,56533.53735615701,83859.84816943089,62419.32502038131,80774.19097706891,64975.08322426375,86689.6497397469,150073.97106427216,46515.127894051846,173178.63356661526,93757.8896466852,146554.471552389,134207.3635200394,75568.85975056127,54699.991892138336,129720.98566924321,151680.46887453902,55171.91627993358,139119.34783487162,53271.919488601125,64375.260535395115,47331.18029375561,55438.84919440518,57963.73247126172,48579.91020987997,0.0,137761.38108700857,51857.52703320898,147731.56025372507,37161.19294371482,35808.92156991048,32099.478843121426,156259.54493086174,126456.44837255236,87599.88845312533,71587.02008045872,46234.1781585874,140152.57254506604,37790.125257797175,164094.22355768652,53202.13880099182,122291.95451459593,134926.15122725468,57230.86479339623,104311.42012263087,70387.51758657212
ERR10083544,236713.51594913207,128182.40539169173,97576.27228481318,129047.78379732059,85920.92844004888,107520.6596240927,111736.15662353883,91350.89511876718,117890.36041169778,66744.85533732169,149467.17875172463,66314.47312615851,47340.337028796064,67604.79000780935,52392.2333748047,149206.92049298517,79021.44445655243,118845.20158172143,114003.54681763196,117038.85390330854,97866.86689068982,249628.4763523585,137284.2372379291,96781.25482240866,85244.80652802257,58449.50714077921,73346.90841473824,121423.11135446992,128479.82584047972,189398.11432535437,54681.291343566496,103903.76574022714,50226.14465594587,108813.15102964347,99008.55686252577,123605.8911338776,106047.2449382821,95477.41906335759,120798.47146797844,137761.38108700857,0.0,116781.17073826585,56306.90890112864,112322.9952859164,119346.05067198495,119577.45272834675,57816.58793979458,48896.118475805415,71539.90027949438,91185.7950395784,115522.6624996152,43965.45082220811,110298.85369304614,65326.914193156255,94287.15369550616,55002.902050710014,42939.15199442113,92362.81947840267,54825.89177569299,95611.24625795858
ERR10083494,136992.52925616055,70186.6566734732,82345.2395831113,53612.10893072571,112034.42974818054,61070.914722149035,103161.37133636796,67983.8002468235,48938.437725370844,138098.0557176675,64388.20176864703,116427.34470475568,134193.57562491583,100359.5301653012,116048.00833706712,66732.40057123677,71959.0952069299,57635.379099993785,73929.95245500974,61035.87399226786,72377.14936359403,160416.72371358293,47966.966039139894,160880.0464694115,75888.40742168727,123788.25012092222,118547.82803999406,75491.19952683226,61622.55871837845,127540.3734705211,132566.33168342555,44571.96885936272,111872.36229739676,29046.474863569932,30847.979334147643,25886.591394001643,27785.49646848154,62363.38255739501,42534.106267794086,51857.52703320898,116781.17073826585,0.0,129858.93258070467,45261.966495060726,43060.86037226846,41690.165962730345,136775.60212991203,111443.92559040623,59180.351443701315,59263.86804790926,52402.57029955687,122081.95833537403,38343.71347431023,146361.5465243518,52241.90386078976,105120.85095260598,115741.93352886412,53857.15650681904,77442.65608823085,59611.23053586463
ERR10083490,247226.12100868305,121738.60053409518,101014.38614870656,127467.31831728476,87949.65135803552,101241.35282580927,105611.67025949358,87954.03128339257,118310.90522010217,73993.18521323433,146861.59278041348,51553.27260223157,48839.02400744716,55811.97744212258,50755.30736780145,148175.3243053647,89909.32206395509,114622.92698670716,103797.37139735284,117305.32247515455,86068.66955518715,250740.63029752477,139551.4980858321,90343.03993667691,75847.32142930296,65251.92946572538,77811.18562263397,115245.27495303223,127372.59023824552,186947.32629272877,22254.468158102543,117051.97630540033,71054.76118459621,124056.57011621754,110519.81368967285,133694.10050933436,121826.1465737138,109350.49230341855,128423.88944039968,147731.56025372507,56306.90890112864,129858.93258070467,0.0,122923.22592577856,129150.48431577793,130598.52200159081,24115.330124217664,64813.832458820085,81569.17520730487,92957.14871380254,122018.49906878875,25550.511306038476,120470.5502602192,28306.8935067061,108964.00116552255,34299.041473487276,29220.79413705247,106215.93300442265,75869.44202378188,94982.76781079819
ERR10083473,147972.13498831462,63640.89714955313,78105.30049234815,54458.659210450634,107963.07045466983,61562.69539258332,99268.32252536557,65151.453084332665,51503.02967787429,131310.32716431713,73221.78902485243,107146.93899500815,125404.08242158627,93484.63547556892,106908.26909084254,66837.54554889041,67790.22951723942,56078.096285448206,72970.9956284002,61853.434480229145,70170.19721363194,169356.15963406823,54158.958852621974,148528.18159191206,75244.7432848302,118309.3340738591,109773.50571973184,72199.64504760395,56301.7600790597,133427.9388658912,126113.32251193766,46879.75666532411,110450.48587036636,44962.82267607317,46638.29778197313,45853.295443184885,45392.01525598968,39295.09189453563,50500.58034320002,37161.19294371482,112322.9952859164,45261.966495060726,122923.22592577856,0.0,24809.87249060341,22809.120653808644,130274.06003115125,97918.24190619438,62363.89190869986,59876.04460049111,29974.667554453375,114985.85740863961,25028.93433608391,138611.7510675051,36293.83476570091,99163.69091557656,109756.30866606256,35912.69354977429,77386.578855768,60047.55422996011
ERR10083498,141057.13658656197,64995.88100026031,83273.09326547201,50076.4395699215,113087.13133243764,60257.7244425974,102744.4351388434,70322.97985722733,52440.253517693825,137914.9229525217,65983.24386539358,116145.95918498414,133477.1752810195,100784.94562681472,116129.093275544,64091.64087461016,76145.92144691665,54055.95140222767,74953.81847511172,65094.203121322564,71292.98359586306,163853.68137762422,50327.86473714139,157563.400534515,77805.11122670541,122996.88878178992,117367.48432594097,76523.74307363696,58315.163731228604,130852.73019314499,132238.9707915182,54330.30132439908,116833.16273216266,48175.815654745275,46905.438991656396,45959.51831775437,48610.02147705759,51304.126812567425,53435.30406014361,35808.92156991048,119346.05067198495,43060.86037226846,129150.48431577793,24809.87249060341,0.0,25819.525169917437,136056.215918274,106480.5965845421,67267.41198381278,62754.311182579324,29810.00979536907,121540.449452024,31020.80339062804,145192.37560905187,46463.99932205578,104840.4565756941,115382.82047601367,47662.08531946541,84155.46348277098,61784.61870077374
ERR10083519,140762.76309450594,64069.09238470606,82761.69034039843,52989.360724583195,114490.82193346329,63828.15302826802,104040.87414088754,68416.83060475689,50312.70055363755,139093.7620492019,69181.24333227902,113902.95557622725,133266.09701270613,100002.77628646117,113928.64519075086,63723.47233162989,71690.08492811261,57210.005226358786,74482.53603362334,60685.36662161645,74316.72445688117,163763.22373780995,49385.57784414393,156817.04666904043,79733.94907440619,126337.43796674049,117313.9467966192,72476.22197659036,55362.319071729646,131787.71893086244,133794.4414017264,46481.382358961746,117018.82235777285,43068.64699523309,46782.09812524445,40176.14951684643,43397.62604106358,45927.58883285731,47893.25192550616,32099.478843121426,119577.45272834675,41690.165962730345,130598.52200159081,22809.120653808644,25819.525169917437,0.0,138154.97542976873,106387.96391979686,66854.09605252321,62857.10650356091,37128.247144189285,122668.17581182171,25158.6951768171,146465.8883870234,41126.865295084186,106225.22901363875,117394.70062570968,40829.99604457487,83493.5811784355,62743.507632264234
ERR10083478,256411.8503579739,131529.82308586902,107835.97893096719,135698.38604051265,90423.58186336128,108828.43814463203,111574.06441462997,97767.06673517417,127398.01790844314,69921.67671759595,155147.38750942601,59208.52056081118,48193.593153032285,65336.51401016127,57317.86122143777,157585.95610650082,99172.1692260485,123256.04787595617,114147.71716508394,127490.63158522669,94376.44227242305,259835.99417132337,148493.19638623178,89795.5338978504,84643.0461585593,60122.51213979669,79940.73321530144,126295.05809017232,137134.5229145455,194351.16601399644,20742.46393271542,126002.25984481389,68129.75664127973,131810.00773841114,116722.90778163471,141696.62793447133,129357.79111441258,117531.67105933618,138077.3444197128,156259.54493086174,57816.58793979458,136775.60212991203,24115.330124217664,130274.06003115125,136056.215918274,138154.97542976873,0.0,65293.73777782981,86821.45870117594,103114.35116413234,128927.99804542068,30474.22528957873,128604.01291172838,26753.631585263334,117435.61481509772,44053.016366646225,33136.274488843796,114013.30778904715,78724.51756600355,105103.87335393496
ERR10083419,235238.8828170207,121774.39918143714,91748.53494743118,122168.23394401673,80350.78106652107,101513.98632700816,105834.70311292038,90527.25996626652,112515.54460606765,59693.15387881595,145157.90939525134,63609.55781956042,50817.009514531645,70127.39061165758,55175.3377153235,143587.8625894264,79806.74188312664,113104.59587921262,112732.78380755085,115627.87736960321,93926.90832237586,246882.10100774822,131812.938188935,86921.19715581465,85137.41588749332,50615.564888678266,65315.95272213366,119340.63207893613,121822.62384302843,185187.85471515133,63057.374628190795,99780.32105079638,43558.334024615775,104548.61752792334,93250.15620362252,117526.8484517474,102380.60057940664,80925.73014190233,118139.8858853351,126456.44837255236,48896.118475805415,111443.92559040623,64813.832458820085,97918.24190619438,106480.5965845421,106387.96391979686,65293.73777782981,0.0,65205.87833930312,96021.23895784724,101382.25104523967,54954.8166405821,99706.2005393847,70950.02809019882,85081.01344013246,63631.85655000174,55387.90308361565,78933.29101209452,47462.60604939429,99207.91940666834
ERR10083495,187977.49063385223,81478.63473328453,68927.53241629936,74422.0463370902,79774.68547101894,56466.502583390095,86902.43692210248,54928.01788704923,64731.063393088174,91004.92253719026,94110.6871933257,73006.24860928001,85440.81852370096,63060.01052965342,71574.9294515894,97348.90812433389,55739.59092063737,68576.49269975828,73292.59699996992,73016.04753066273,56324.508848280246,200757.90561270557,82203.3483259654,118423.21774466356,52203.12109443266,75908.72409018611,80069.19365149121,81716.16147984436,80032.11817764166,147400.9593591575,83119.72488525212,58509.529164060106,61725.30893401831,56644.64305651506,38583.785687773045,65603.71409455413,52786.210462581985,60902.3643301309,71790.72219305222,87599.88845312533,71539.90027949438,59180.351443701315,81569.17520730487,62363.89190869986,67267.41198381278,66854.09605252321,86821.45870117594,65205.87833930312,0.0,55791.67585760442,67230.17244511574,73804.55130952291,59279.34336680864,96447.40584380692,55673.46845670746,61765.84873536508,68053.62398873406,51278.302233985865,33861.158914012376,58602.541455128034
ERR10083511,160371.17373767644,56755.87283268578,70617.34932720146,56930.982794959724,97528.32422942578,49221.130980504706,86880.56230250814,40006.87080989964,47361.460714382534,122160.38103657012,71810.96426730392,86108.50200183487,107256.50914047129,65992.73015264636,85801.62109773917,70980.81746500247,53091.86089223093,48289.90428650693,46288.20385368177,46873.89757636973,46453.2734045729,173642.5495522339,59697.83609981186,138332.29673507196,46724.96697698138,109235.84954583363,100544.0584171934,52965.86268531836,57295.85781712322,131053.70074515256,98263.14758850339,51910.18127496763,103893.71479545815,55988.45784623827,52240.47029841902,59843.987584384784,54405.65101163665,60679.039774867895,50855.62387779743,71587.02008045872,91185.7950395784,59263.86804790926,92957.14871380254,59876.04460049111,62754.311182579324,62857.10650356091,103114.35116413234,96021.23895784724,55791.67585760442,0.0,61876.255639784795,87297.18262922349,51606.02262333341,111079.10718492474,51661.629155496055,65669.42365363047,80992.83545474871,56513.90226307152,73429.43699906734,21078.38371412761
ERR10083493,149698.43756031658,65079.86577275648,81375.50646232563,54214.120559131086,109230.8638023155,60139.2557569513,99491.31217347573,67421.23718829254,55425.678083357714,133371.63132015744,71554.89486401332,109798.45740719675,127360.81956787182,94596.37007306359,110460.65747133683,66183.66431378668,74653.48007293431,54094.02451287943,72179.33646134468,65784.6933260314,67931.40728705685,169109.94088757763,56477.24100024717,150904.05615489598,73909.94936407411,118663.36877908027,112773.91712182388,74905.42586488645,59595.34486014826,132760.6844777474,125443.54532617451,57837.7759081381,114163.93348163858,55123.23918276211,52902.112405838765,54149.708955819886,55514.07780014003,50241.481646145745,57083.014181102946,46234.1781585874,115522.6624996152,52402.57029955687,122018.49906878875,29974.667554453375,29810.00979536907,37128.247144189285,128927.99804542068,101382.25104523967,67230.17244511574,61876.255639784795,0.0,115185.92337173843,36523.23220910219,137885.22343238958,47612.820489863865,98750.73369347693,109586.7543136487,48043.00385071691,82455.24637037961,60853.176285219495
ERR10083564,240796.16728054456,118578.97273968939,95423.80197309265,123063.17694989026,83533.04276751805,98093.13228763775,103499.52209068407,83486.73461694378,113398.33762449959,68852.88831995358,143377.40275929117,49933.794828753,42339.58474052385,53353.69820359223,43786.54526221497,143936.66966760068,81250.74388582545,110780.37508060712,101880.11577830093,112367.1566295063,84240.69555149696,247317.9944888766,134230.7787729774,89195.00560569522,72983.41325260144,59092.840285435595,72247.38688700098,112257.17512479993,122610.21037417724,184703.315850041,27060.979084282964,108674.30039802419,62120.59242312488,115653.17631176414,102944.01666925572,126590.0678607923,113244.76043950113,100330.87311989267,121808.78087806313,140152.57254506604,43965.45082220811,122081.95833537403,25550.511306038476,114985.85740863961,121540.449452024,122668.17581182171,30474.22528957873,54954.8166405821,73804.55130952291,87297.18262922349,115185.92337173843,0.0,112627.19336820926,36175.30104919653,99723.78748322789,32612.652391364918,23388.022661182797,97170.99720595648,65469.09253227816,89672.31632449337
ERR10083559,143885.04093546348,58304.67476969578,73586.95724787103,50696.931790789866,105998.09837916905,57956.4758417901,95868.20134434567,57813.12268853845,44174.813457444274,131354.09113537348,68286.95897460949,103850.65761948742,124071.12976837117,89296.24093991863,103865.50167403997,61795.28209337668,60433.22880667556,51524.76686992383,65556.3900089076,52778.33008915686,65969.0319089192,164411.35216279927,47641.60415015431,148315.73577001193,69593.57772093629,119079.77329924675,108614.99475670935,63713.75940093317,50350.18281992628,128826.3282951121,124008.51495361114,37627.501631120824,110493.30429035056,36546.00751108115,41932.13061603238,37018.620409194074,36861.729110284556,39465.88355782751,39305.50502156155,37790.125257797175,110298.85369304614,38343.71347431023,120470.5502602192,25028.93433608391,31020.80339062804,25158.6951768171,128604.01291172838,99706.2005393847,59279.34336680864,51606.02262333341,36523.23220910219,112627.19336820926,0.0,136690.37028262086,32286.96030907834,95764.11229683069,107650.90639655571,33040.35420512316,75875.3688821346,51794.64436599599
ERR10083500,264838.5469356755,137758.67704794498,113846.85354018354,144122.29532934868,95707.09551543188,117533.22463882287,116660.10793326054,104888.55252600258,135145.20123186024,73064.72724920008,163963.68280201565,59949.24172998354,50256.76157493636,70580.08349385824,59591.94207273329,165126.224570781,104955.36881932244,131491.7689477178,120788.752485486,134557.38344290142,102616.84573694516,266938.9938693858,156879.53518544094,86399.36633448188,92380.43254932291,67584.64589683074,83185.9081094869,131614.410141899,143776.9654916948,200644.72238262335,27393.90178488636,133321.28341341452,76418.43706200749,140426.82603762005,126713.96151963681,150334.99618186045,138309.75940619665,123976.99254700447,145592.34441755514,164094.22355768652,65326.914193156255,146361.5465243518,28306.8935067061,138611.7510675051,145192.37560905187,146465.8883870234,26753.631585263334,70950.02809019882,96447.40584380692,111079.10718492474,137885.22343238958,36175.30104919653,136690.37028262086,0.0,124692.17511937146,51591.14067356914,42668.799045672706,121028.8587651722,87955.55106415968,112794.80165770052
ERR10083552,160075.1564390927,66984.62063787477,71982.57744065573,66366.92970900492,100211.87526436176,67411.22035685157,96937.21557276133,57326.490813584605,55287.441485386174,119360.63459114148,86940.25034470513,91662.42261690447,109068.26932705955,79044.7141180231,89199.19719369676,76692.18152458567,48969.849336096595,62912.86603708338,71802.35190437706,60458.362258665264,69330.1288257854,181462.79462192795,65250.51887916295,134947.79644366188,69539.51306990867,109029.0293224699,97958.51948656635,67706.36685718707,58849.39568083941,141901.1320250829,112364.09676137658,32891.17624834965,98912.94426413561,41345.624061078095,50316.34903289387,51541.80046331327,42681.153276358404,24628.958910193505,47558.491386922695,53202.13880099182,94287.15369550616,52241.90386078976,108964.00116552255,36293.83476570091,46463.99932205578,41126.865295084186,117435.61481509772,85081.01344013246,55673.46845670746,51661.629155496055,47612.820489863865,99723.78748322789,32286.96030907834,124692.17511937146,0.0,85837.84728195367,96168.43797213303,25078.677875837075,65187.17241144917,54421.693367626845
ERR10083455,220266.46212939455,97478.29378892513,83113.68543747775,102089.3311223068,81210.66283438401,77439.99196797478,91020.0850746691,64457.77496159792,92889.13205537018,81844.15415898683,121132.23480147636,50102.766789869,59537.2206774888,42924.288439064425,48802.544359899926,122420.78951305615,69644.50383196078,89491.58100626002,79938.92746966274,92168.0011663484,62840.10995375486,225856.9978636925,113190.99060437629,99574.9387797954,54021.58115049947,69956.4528188787,75040.32156114471,91780.25865620558,102487.9851885088,166345.5888865106,39834.59655877037,93139.67512827173,71363.43090827402,99826.38309084428,86776.23024768937,108617.4405102606,97497.46157208402,88031.29632693136,102879.26273549981,122291.95451459593,55002.902050710014,105120.85095260598,34299.041473487276,99163.69091557656,104840.4565756941,106225.22901363875,44053.016366646225,63631.85655000174,61765.84873536508,65669.42365363047,98750.73369347693,32612.652391364918,95764.11229683069,51591.14067356914,85837.84728195367,0.0,28634.091848703705,84495.27160735091,62879.10720581201,68012.05627681021
ERR10083510,234153.9039969225,114045.3992057549,91601.51852998945,116614.59232445998,81036.61298450225,91139.02774333287,99103.02273392069,79196.18481341131,107911.21531147724,70278.49198723603,136231.2068800684,53989.22690685615,47769.593885650735,52574.894617107886,47992.539732754296,138497.85338047662,79703.96868412514,104616.83733988521,96936.03222228563,107687.33057792825,77913.01196205933,240859.42482701398,128250.60135531529,93769.96936653013,67521.2927453259,57380.67780185243,72151.5253338417,108890.89454587101,118377.87653949534,178630.22108254806,30379.18753028132,105249.47876830555,60705.79928639438,110703.84970270908,96169.22943436741,121256.00869647657,107989.22198534444,97482.0368119173,117472.55707185403,134926.15122725468,42939.15199442113,115741.93352886412,29220.79413705247,109756.30866606256,115382.82047601367,117394.70062570968,33136.274488843796,55387.90308361565,68053.62398873406,80992.83545474871,109586.7543136487,23388.022661182797,107650.90639655571,42668.799045672706,96168.43797213303,28634.091848703705,0.0,93996.66063217353,61918.06228395717,83505.58984283627
ERR10083491,166875.81925192158,69826.16399316234,69592.72018681264,68986.91222978458,95632.65305323282,67082.43867063869,94542.68699904821,58198.43497036669,57671.60443407136,112990.35165889165,90396.77058390969,86707.47393391184,105004.20737284768,77619.54905821085,85589.53239736738,81667.37532821782,48963.179349384576,65824.34685585569,74367.28760012698,64222.81779087554,69625.91756666478,186056.4214855268,69998.78256084173,129393.67137151647,68830.8664335994,103333.0136839142,92633.4430214056,71091.73453362915,63222.308452001336,143124.77967843306,109073.92900688964,38976.89370639995,92696.60255370743,44098.91362607473,49551.10513399272,53937.67420829341,44586.04278246725,26083.52593113132,53111.91100873701,57230.86479339623,92362.81947840267,53857.15650681904,106215.93300442265,35912.69354977429,47662.08531946541,40829.99604457487,114013.30778904715,78933.29101209452,51278.302233985865,56513.90226307152,48043.00385071691,97170.99720595648,33040.35420512316,121028.8587651722,25078.677875837075,84495.27160735091,93996.66063217353,0.0,59878.43417291404,58844.1169106989
ERR10083366,206676.76407375842,101415.09251092758,77145.32868554,97066.1684419448,77849.4682512347,79078.73425264216,96555.43156135755,70692.23602348422,86324.5262772985,75187.02632103494,118147.2916024739,68672.5529087131,69309.06978888117,64998.45131231974,62429.1353696333,118443.1427901168,60423.487610365555,90071.58829508892,93239.62564274912,92166.41878688788,75679.3362946584,221600.30487569282,104269.0142324171,106372.11148604694,67713.96593761143,61330.76694449532,71773.59513776637,99433.14186929828,99005.76022131238,165334.8771282091,75360.79484718828,71267.15187237386,41921.218946972425,71202.89435128322,59449.02948745253,84900.55503941067,68310.17934393087,67547.65664329148,89112.02395861066,104311.42012263087,54825.89177569299,77442.65608823085,75869.44202378188,77386.578855768,84155.46348277098,83493.5811784355,78724.51756600355,47462.60604939429,33861.158914012376,73429.43699906734,82455.24637037961,65469.09253227816,75875.3688821346,87955.55106415968,65187.17241144917,62879.10720581201,61918.06228395717,59878.43417291404,0.0,77081.3680599923
ERR10083530,157917.4141505616,55096.047616866315,71425.87449937173,54302.02977790057,99079.77452033285,47483.16325814867,87001.19695728329,40630.8015672839,46795.726546341815,124763.02984057416,68485.95580847215,88602.46157415718,110172.86908762973,68845.62704340777,89078.39976672234,68838.66316249903,56109.27526710713,45920.9476600821,44318.00157949363,46125.68930650251,45658.776308613444,170869.55390297007,57623.563886660115,140892.53298170204,46232.49103174087,111281.54962077047,102856.35071788226,52557.964268034586,56328.126144937574,129141.82749597436,100297.84392498176,54743.147260638936,107636.49455458869,58222.90377506089,53592.30906576054,60015.28571955648,56676.10429449081,63405.58573185804,51206.997295291585,70387.51758657212,95611.24625795858,59611.23053586463,94982.76781079819,60047.55422996011,61784.61870077374,62743.507632264234,105103.87335393496,99207.91940666834,58602.541455128034,21078.38371412761,60853.176285219495,89672.31632449337,51794.64436599599,112794.80165770052,54421.693367626845,68012.05627681021,83505.58984283627,58844.1169106989,77081.3680599923,0.0
